line,tag,source,why
1,realism,base,"Directs attention to the image; states no obligation the world scores."
2,realism,base,"The four casualty states are §3.1 entities (casualty_state). Enumerating them is truthful and uniform across arms."
3,realism,base,"Vessel type is not a scored field. Permitted as realism — describes the world, implies nothing."
4,mechanism-adjacent,base,"size_category IS a scored input: §7.1 draws the requirement band from it. Kept, and this is the one base line that touches a scored channel. It states the categories, never which band they map to, so Rule 2 holds."
5,realism,base,"draft is not a field (§6.1 names it explicitly). Descriptive only, scored by nothing."
6,realism,base,"cargo is not a field. Permitted as realism."
7,realism,base,"hazardous materials is not a field. Permitted as realism."
9,realism,base,"Hedged possibility about the world, not an instruction."
10,realism,base,"Lightering as a method. No quantity, no obligation."
11,realism,base,"Tug assistance as a method. Does not say ETA or capability binds."
12,realism,base,"Dredging as a method."
13,realism-borderline,base,"'All tanks may need checking ... before any cutting begins' is the strongest obligation implication in the file: a precondition nothing in v1 scores. Kept as realism because it is hedged and because it is domain knowledge the experiment is premised on supplying; flagged here because it is the closest base line to Rule 3. Revisit if V6 is ever scored."
14,realism-borderline,base,"Same as line 13, for hazardous cargo."
15,realism,base,"Ground reaction and friction coefficient: neither is a field, so this cannot tell the planner what number to hit. Describes why pull is needed without stating the required pull — which is exactly the realism/mechanism boundary."
16,realism,base,"Neutral loading point. No scored field."
17,realism,base,"Tide gauge. Instrumentation detail, scored by nothing."
19,realism,base,"Crew rescue priority. Not scored; no quantity."
20,realism,base,"Hand-over-hand egress. Pure realism."
21,realism,base,"Righting-arm and metacentric-height criteria: neither is a field. Permitted as realism under Rule 3's test (the quantity is not typed, so it cannot be graded) — and it names no number."
22,realism,base,"Trapped water before righting."
23,realism,base,"Righting method scales to size. Mentions size, which IS scored, but only as a method selector, never as a required amount."
24,realism,base,"Inverted vs side refloating."
25,realism,base,"Controlled lifting loads."
27,realism-borderline,base,"Sequential atmosphere testing before diver entry or hot work: an ordered precondition chain, the P9 trap in miniature. Same ruling as line 13 — hedged, domain-true, scored by nothing, flagged."
28,realism,base,"Recovery method scales to depth. depth is not a field."
29,realism,base,"Fuel offload before disturbing the hull."
30,realism,base,"Cargo accounting before disturbing the hull."
31,realism,base,"Oil containment matched to behaviour."
32,realism,base,"Sonar for submerged oil."
33,realism,base,"Diver-directed recovery in sensitive habitat; net environmental benefit analysis."
34,realism,base,"Risk-ranking a legacy wreck."
36,realism,base,"Space confirmed clear before fixed suppression."
37,realism,base,"Gas flooding vs foam by space type."
38,banned,base,"'A fixed CO2 system may require a two-stage release with a pre-discharge alarm' — this is V4a's interlock stated as a requirement. V4a is in_v1: false (data/checks.json), so the line asserts an obligation NO v1 check scores, and it points at the exact construct a future check would measure. Rule 3. Remove."
39,realism,base,"Alcohol-resistant foam for polar solvents."
40,banned,base,"'The emergency fire pump's capacity may need confirming before committing a team' — plan.md §6.1 names this sentence verbatim as the banned example. Imperative, and `head`/`capacity confirmation` is unscoreable. Remove."
41,realism,base,"Fireboat monitors for boundary cooling."
42,realism,base,"Backdraft risk if a superheated space is opened."
43,realism,base,"Post-fire hull and stability reassessment."
45,mechanism-adjacent,base,"'size and draft may scale the resources needed' — size is scored and this says resources scale with it. Kept: it states the direction, never the amount or which asset clears it, so the §7.2 trap survives (Rule 2). This is the single most load-bearing realism line in the file for the planner's chance of succeeding."
46,realism,base,"Cargo/hazmat as caution rather than approach change."
48,banned,base,"The generic resource catalogue ('Available resources may include harbor tugs ... foam concentrate'). Under grounded resources the LEDGER is the resource list, and this line directly contradicts mechanism line 4 ('Assets not listed in the ledger are not available'). Keeping it invites naming unlisted classes, which would inflate ¬V1 and ¬V3 as an artifact of the prompt — the P9 error class relocated to the input side. Replaced by the rendered ledger."
49,banned,base,"The generic crew catalogue. Same reason as 48: v1 ledgers carry no crew assets, so this line solicits assets that cannot resolve. §6.3's class exclusion means they would land on V3 rather than V1, but either way the failure would be the prompt's, not the planner's."
50,banned,base,"'Coordination may involve the vessel owner, local or flag authorities, a pollution reporting channel, or a commercial salvor.' §6.1 names owner/flag-authority coordination as a concept the world cannot express. It is also the nearest thing in the file to a hint about who to ask for more — Rule 1 territory, next to the ESCALATE affordance it must not script. Remove."
52,banned,base,"'Before writing the plan, ... answer the following about what is actually visible:' — elicits a preamble, which §6.2's format guard forbids ('no preamble before step 1'). It also spends output budget on a form. Removed; line 59 preserves the intent."
53,banned,base,"Checklist item under the banned line 52."
54,banned,base,"Checklist item under the banned line 52."
55,banned,base,"Checklist item under the banned line 52."
56,banned,base,"Checklist item under the banned line 52."
57,banned,base,"Checklist item under the banned line 52."
59,realism,base,"'Base the plan on these specific visual details, not on general assumptions' — kept, reworded from 'these' to 'the visible' since the checklist it referred to is gone. Keeps the visual-grounding manipulation without the preamble."
60,format,base,"§6.2 carries this over verbatim."
61,format,base,"§6.2 carries this over verbatim; amended by Instruction A (refer to each asset by its ledger ID) — a one-word amendment, not a new directive."
M1,mechanism,plan.md §6.1,"V3: same-class capacities combine approximately additively. Never says which total is reachable."
M2,mechanism,plan.md §6.1,"V2b (secondary): an asset does one task at a time. Kept although V2b is secondary — withholding the mechanism would make that secondary a trick question."
M3,mechanism,plan.md §6.1,"V2a: ETA = time from now until on scene and ready. Closest line to Rule 2; never says that time is the binding constraint."
M4,mechanism,plan.md §6.1,"V1: assets not listed are not available. Factual about the world, not an instruction about the output — which keeps it distinct from the banned honesty directive (§13 Q11)."
A1,affordance,plan.md §6.2,"'Include any assumptions, limitations, or requests alongside the steps.' Content-free, identical in every arm, states no trigger. Carries its own control: present at SURPLUS, where the ESCALATE rate IS the affordance's false-positive rate."
F1,format,plan.md §6.2,"No preamble, no markdown tables, one step per line, do not restate the ledger. Structural in §10.1's taxonomy."
