id,state,size_category,image
AGR-00017,aground,large,aground/00017.jpg
AGR-00018,aground,medium,aground/00018.jpg
AGR-00028,aground,large,aground/00028.jpg
AGR-00034,aground,medium,aground/00034.jpg
AGR-00035,aground,medium,aground/00035.jpg
AGR-00039,aground,medium,aground/00039.JPG
AGR-00041,aground,medium,aground/00041.jpg
AGR-00045,aground,medium,aground/00045.jpg
AGR-00051,aground,large,aground/00051.jpg
AGR-00054,aground,large,aground/00054.jpg
AGR-00056,aground,large,aground/00056.jpg
AGR-00063,aground,medium,aground/00063.jpg
AGR-00074,aground,large,aground/00074.jpg
AGR-00079,aground,large,aground/00079.jpg
AGR-00082,aground,large,aground/00082.jpg
AGR-00086,aground,large,aground/00086.jpg
AGR-00090,aground,medium,aground/00090.jpg
AGR-00097,aground,medium,aground/00097.jpg
AGR-00098,aground,medium,aground/00098.jpg
AGR-00100,aground,medium,aground/00100.jpg
AGR-00101,aground,medium,aground/00101.jpg
AGR-00103,aground,medium,aground/00103.jpg
AGR-00109,aground,medium,aground/00109.jpg
AGR-00112,aground,medium,aground/00112.jpg
AGR-00128,aground,small,aground/00128.jpg
AGR-00129,aground,medium,aground/00129.jpg
AGR-00130,aground,large,aground/00130.jpg
AGR-00137,aground,large,aground/00137.jpg
AGR-00147,aground,large,aground/00147.jpg
AGR-00148,aground,medium,aground/00148.jpg
AGR-00157,aground,large,aground/00157.jpg
AGR-00165,aground,small,aground/00165.PNG
AGR-00166,aground,large,aground/00166.jpg
AGR-00170,aground,medium,aground/00170.jpg
AGR-00174,aground,medium,aground/00174.jpg
AGR-00181,aground,small,aground/00181.PNG
AGR-00196,aground,large,aground/00196.jpg
AGR-00201,aground,large,aground/00201.jpg
AGR-00204,aground,large,aground/00204.jpg
AGR-00206,aground,medium,aground/00206.jpg
AGR-00207,aground,large,aground/00207.jpg
AGR-00224,aground,medium,aground/00224.jpg
CAP-00002,capsized,medium,capsized/00002.jpg
CAP-00006,capsized,medium,capsized/00006.jpg
CAP-00009,capsized,medium,capsized/00009.jpg
CAP-00019,capsized,medium,capsized/00019.JPG
CAP-00076,capsized,large,capsized/00076.jpg
CAP-00084,capsized,large,capsized/00084.jpg
CAP-00089,capsized,medium,capsized/00089.jpg
CAP-00116,capsized,large,capsized/00116.jpg
CAP-00140,capsized,large,capsized/00140.jpg
CAP-00146,capsized,large,capsized/00146.jpg
CAP-00161,capsized,large,capsized/00161.jpg
CAP-00176,capsized,large,capsized/00176.jpg
CAP-00182,capsized,large,capsized/00182.jpg
CAP-00183,capsized,medium,capsized/00183.jpg
CAP-00195,capsized,large,capsized/00195.jpg
CAP-00208,capsized,medium,capsized/00208.jpg
CAP-00212,capsized,large,capsized/00212.JPG
CAP-00214,capsized,large,capsized/00214.JPG
CAP-00227,capsized,large,capsized/00227.jpg
ON_-00011,on_fire,medium,on_fire/00011.jpg
ON_-00012,on_fire,small,on_fire/00012.jpg
ON_-00070,on_fire,large,on_fire/00070.png
ON_-00077,on_fire,large,on_fire/00077.jpg
ON_-00107,on_fire,medium,on_fire/00107.JPEG
ON_-00115,on_fire,large,on_fire/00115.jpg
ON_-00135,on_fire,medium,on_fire/00135.jpeg
ON_-00142,on_fire,large,on_fire/00142.jpg
ON_-00154,on_fire,small,on_fire/00154.PNG
ON_-00155,on_fire,large,on_fire/00155.jpg
ON_-00169,on_fire,medium,on_fire/00169.PNG
ON_-00171,on_fire,large,on_fire/00171.jpg
ON_-00185,on_fire,large,on_fire/00185.jpg
ON_-00198,on_fire,medium,on_fire/00198.jpg
ON_-00210,on_fire,medium,on_fire/00210.JPG
ON_-00228,on_fire,large,on_fire/00228.jpg
SUN-00014,sunken,medium,sunken/00014.jpg
SUN-00015,sunken,large,sunken/00015.jpg
SUN-00021,sunken,large,sunken/00021.jpg
SUN-00022,sunken,large,sunken/00022.jpg
SUN-00023,sunken,medium,sunken/00023.jpg
SUN-00027,sunken,large,sunken/00027.jpg
SUN-00032,sunken,medium,sunken/00032.jpg
SUN-00048,sunken,medium,sunken/00048.jpg
SUN-00062,sunken,medium,sunken/00062.jpg
SUN-00064,sunken,medium,sunken/00064.jpg
SUN-00073,sunken,medium,sunken/00073.jpg
SUN-00091,sunken,large,sunken/00091.jpg
SUN-00094,sunken,large,sunken/00094.jpg
SUN-00126,sunken,medium,sunken/00126.jpg
SUN-00127,sunken,small,sunken/00127.jpg
SUN-00131,sunken,large,sunken/00131.jpg
SUN-00132,sunken,medium,sunken/00132.jpg
SUN-00138,sunken,large,sunken/00138.jpg
SUN-00143,sunken,large,sunken/00143.jpg
SUN-00156,sunken,large,sunken/00156.jpg
SUN-00162,sunken,large,sunken/00162.jpg
SUN-00167,sunken,large,sunken/00167.JPG
SUN-00173,sunken,small,sunken/00173.PNG
SUN-00186,sunken,small,sunken/00186.JPG
SUN-00191,sunken,large,sunken/00191.JPG
SUN-00200,sunken,medium,sunken/00200.jpg
SUN-00203,sunken,medium,sunken/00203.jpg
SUN-00209,sunken,medium,sunken/00209.JPG
SUN-00220,sunken,small,sunken/00220.png
SUN-00221,sunken,medium,sunken/00221.PNG
SUN-00223,sunken,small,sunken/00223.PNG
SUN-00231,sunken,medium,sunken/00231.jpg
SUN-00233,sunken,medium,sunken/00233.PNG
